{
    "providers": [
        {
            "type": "bitmap",
            "file": "wfj:1.png",
            "ascent": 60,
            "height": 128,
            "chars": ["\uF601"]
        },
        {
            "type": "bitmap",
            "file": "wfj:2.png",
            "ascent": 60,
            "height": 128,
            "chars": ["\uF602"]
        },
        {
            "type": "bitmap",
            "file": "wfj:3.png",
            "ascent": 60,
            "height": 128,
            "chars": ["\uF603"]
        },
        {
            "type": "bitmap",
            "file": "wfj:4.png",
            "ascent": 60,
            "height": 128,
            "chars": ["\uF604"]
        },
        {
            "type": "bitmap",
            "file": "wfj:5.png",
            "ascent": 60,
            "height": 128,
            "chars": ["\uF605"]
        },
        {
            "type": "bitmap",
            "file": "wfj:6.png",
            "ascent": 60,
            "height": 128,
            "chars": ["\uF606"]
        },
        {
            "type": "bitmap",
            "file": "wfj:7.png",
            "ascent": 60,
            "height": 128,
            "chars": ["\uF607"]
        },
        {
            "type": "bitmap",
            "file": "wfj:8.png",
            "ascent": 60,
            "height": 128,
            "chars": ["\uF608"]
        },
        {
            "type": "bitmap",
            "file": "wfj:9.png",
            "ascent": 60,
            "height": 128,
            "chars": ["\uF609"]
        },
        {
            "type": "bitmap",
            "file": "wfj:10.png",
            "ascent": 60,
            "height": 128,
            "chars": ["\uF610"]
        },
        {
            "type": "bitmap",
            "file": "wfj:11.png",
            "ascent": 60,
            "height": 128,
            "chars": ["\uF611"]
        },
        {
            "type": "bitmap",
            "file": "wfj:12.png",
            "ascent": 60,
            "height": 128,
            "chars": ["\uF612"]
        },
        {
            "type": "bitmap",
            "file": "wfj:13.png",
            "ascent": 60,
            "height": 128,
            "chars": ["\uF613"]
        },
        {
            "type": "bitmap",
            "file": "wfj:14.png",
            "ascent": 60,
            "height": 128,
            "chars": ["\uF614"]
        },
        {
            "type": "bitmap",
            "file": "wfj:15.png",
            "ascent": 60,
            "height": 128,
            "chars": ["\uF615"]
        },
        {
            "type": "bitmap",
            "file": "wfj:16.png",
            "ascent": 60,
            "height": 128,
            "chars": ["\uF616"]
        },
        {
            "type": "bitmap",
            "file": "wfj:17.png",
            "ascent": 60,
            "height": 128,
            "chars": ["\uF617"]
        },
        {
            "type": "bitmap",
            "file": "wfj:18.png",
            "ascent": 60,
            "height": 128,
            "chars": ["\uF618"]
        },
        {
            "type": "bitmap",
            "file": "wfj:19.png",
            "ascent": 60,
            "height": 128,
            "chars": ["\uF619"]
        },
        {
            "type": "bitmap",
            "file": "wfj:20.png",
            "ascent": 60,
            "height": 128,
            "chars": ["\uF620"]
        },
        {
            "type": "bitmap",
            "file": "wfj:21.png",
            "ascent": 60,
            "height": 128,
            "chars": ["\uF621"]
        }
    ]
}